{
  "test_accuracy": 0.8566944179063737,
  "test_f1": 0.677320221266134,
  "confusion_matrix": [
    [
      5175,
      399
    ],
    [
      651,
      1102
    ]
  ]
}