{
  "val_loss": 0.3099411027184848,
  "val_acc": 0.859536637519968
}