{
  "model": "pytorch_mlp",
  "epochs": 10,
  "batch_size": 256,
  "lr": 0.001,
  "hidden": 128,
  "dropout": 0.2,
  "weight_decay": 0.0,
  "pos_weight_mode": "sqrt_ratio",
  "pos_weight_scale": 1.0,
  "pos_weight_value": 1.775499696156137,
  "val_best_accuracy_at_0_5": 0.8567480423767849,
  "val_best_f1_threshold": 0.45,
  "val_best_f1": 0.7182001730602827,
  "test_accuracy_at_0_5": 0.8493335790184878,
  "test_f1_at_0_5": 0.6917179841648863,
  "test_accuracy_at_best_thr": 0.8413488114980652,
  "test_f1_at_best_thr": 0.693339665202422,
  "device": "cpu"
}